,Astronomy,Herbology,Divination,Muggle Studies,Ancient Runes,History of Magic,Transfiguration,Potions,Charms,Flying
Gryffindor,0.19489999938578143,-0.4830035407009439,0.1047713283513785,-0.1712494731798592,0.5682077770866678,-0.491528747443024,-0.6888662333060638,-0.20050375512640245,-0.37277128931028525,0.7769813020048842
Hufflepuff,0.8566117978903224,0.5626103737500568,0.39817000920088386,-0.4657635937477331,-0.8723194551385729,0.17914551182843894,0.31170472802214105,-0.30469598942016957,0.14390503252981712,-0.272897629457115
Ravenclaw,-0.6225223824510038,0.2955604584345108,0.21179652666269455,1.03718143976777,0.5195101119348677,0.07684974208062273,-0.04191572760112279,0.05557238599613597,0.5966948682789509,-0.08484270898180536
Slytherin,-0.7662178935411871,-0.5104733998155354,-0.7257869385361477,-0.3358114107377218,-0.3881543098712468,-0.008276703587910545,-0.055001146260343546,0.3993558767137476,-0.3195061367019217,-0.41919340145554895
